id_orcamento,ano,mes,id_centro_custo,id_categoria,valor_orcado
1,2023,1,1,101,6860.03
2,2023,1,1,102,7335.71
3,2023,1,1,103,8424.08
4,2023,1,1,104,7008.65
5,2023,1,1,105,6871.51
6,2023,1,2,106,15024.1
7,2023,1,2,107,13644.77
8,2023,1,2,108,15202.24
9,2023,1,2,109,15401.7
10,2023,1,2,110,12779.24
11,2023,1,3,111,8475.53
12,2023,1,3,112,7173.15
13,2023,1,3,113,7607.83
14,2023,1,3,114,7032.12
15,2023,1,3,115,8248.94
16,2023,1,4,116,8551.36
17,2023,1,4,117,9135.48
18,2023,1,4,118,8124.9
19,2023,1,4,119,8284.45
20,2023,1,4,120,8185.65
21,2023,1,5,121,43187.37
22,2023,1,5,122,46840.82
23,2023,1,5,123,45991.86
24,2023,1,5,124,46669.6
25,2023,1,5,125,47972.48
26,2023,1,6,126,7302.82
27,2023,1,6,127,9047.97
28,2023,1,6,128,8261.91
29,2023,1,6,129,8549.9
30,2023,1,6,130,7710.69
31,2023,1,7,131,8336.0
32,2023,1,7,132,8443.07
33,2023,1,7,133,8662.4
34,2023,1,7,134,6877.04
35,2023,1,7,135,7442.58
36,2023,1,8,136,9062.98
37,2023,1,8,137,7555.23
38,2023,1,8,138,7749.52
39,2023,1,8,139,7901.24
40,2023,1,8,140,7391.91
41,2023,1,9,141,7430.58
42,2023,1,9,142,8954.77
43,2023,1,9,143,7326.37
44,2023,1,9,144,8022.86
46,2023,1,10,146,8305.87
47,2023,1,10,147,7813.18
48,2023,1,10,148,7715.89
49,2023,1,10,149,8069.87
51,2023,2,1,101,8529.73
52,2023,2,1,102,8088.73
53,2023,2,1,103,8338.31
54,2023,2,1,104,7843.44
55,2023,2,1,105,9089.16
56,2023,2,2,106,13935.25
57,2023,2,2,107,13553.93
58,2023,2,2,108,16667.33
60,2023,2,2,110,13437.78
61,2023,2,3,111,8094.51
62,2023,2,3,112,8072.85
63,2023,2,3,113,151559.49
64,2023,2,3,114,9029.84
65,2023,2,3,115,8796.0
66,2023,2,4,116,6939.02
67,2023,2,4,117,9072.68
68,2023,2,4,118,7966.38
69,2023,2,4,119,8625.45
70,2023,2,4,120,7108.14
71,2023,2,5,121,50747.05
72,2023,2,5,122,55586.5
73,2023,2,5,123,45676.97
74,2023,2,5,124,53448.97
75,2023,2,5,125,47175.74
76,2023,2,6,126,8359.71
77,2023,2,6,127,8042.18
78,2023,2,6,128,7339.27
79,2023,2,6,129,8211.94
80,2023,2,6,130,7328.52
81,2023,2,7,131,8314.65
82,2023,2,7,132,8973.01
83,2023,2,7,133,6970.06
84,2023,2,7,134,8405.55
85,2023,2,7,135,7117.55
86,2023,2,8,136,8170.5
87,2023,2,8,137,8683.09
88,2023,2,8,138,7256.98
89,2023,2,8,139,7834.52
90,2023,2,8,140,7920.86
91,2023,2,9,141,8416.07
92,2023,2,9,142,7036.2
93,2023,2,9,143,7614.33
94,2023,2,9,144,7396.78
95,2023,2,9,145,7876.67
96,2023,2,10,146,7468.51
97,2023,2,10,147,9015.84
98,2023,2,10,148,8867.24
99,2023,2,10,149,6921.41
100,2023,2,10,150,8806.47
101,2023,3,1,101,9023.28
103,2023,3,1,103,7312.99
104,2023,3,1,104,6940.72
105,2023,3,1,105,9164.74
106,2023,3,2,106,16278.32
107,2023,3,2,107,14653.53
108,2023,3,2,108,17229.4
109,2023,3,2,109,15982.84
110,2023,3,2,110,14085.19
111,2023,3,3,111,8190.03
112,2023,3,3,112,8595.14
113,2023,3,3,113,8202.03
114,2023,3,3,114,8846.53
115,2023,3,3,115,9105.87
116,2023,3,4,116,7245.98
117,2023,3,4,117,8420.51
118,2023,3,4,118,7087.73
119,2023,3,4,119,7390.92
120,2023,3,4,120,8286.52
121,2023,3,5,121,51255.08
122,2023,3,5,122,56520.59
123,2023,3,5,123,53242.88
124,2023,3,5,124,48436.79
125,2023,3,5,125,46999.96
126,2023,3,6,126,8604.47
127,2023,3,6,127,7899.89
128,2023,3,6,128,9190.63
129,2023,3,6,129,7311.57
130,2023,3,6,130,9039.82
131,2023,3,7,131,8910.25
132,2023,3,7,132,7178.59
133,2023,3,7,133,8488.5
134,2023,3,7,134,9169.36
135,2023,3,7,135,6818.78
136,2023,3,8,136,7518.51
137,2023,3,8,137,9053.43
138,2023,3,8,138,7077.03
139,2023,3,8,139,8127.74
140,2023,3,8,140,8251.59
141,2023,3,9,141,7288.63
142,2023,3,9,142,7433.56
143,2023,3,9,143,8972.81
144,2023,3,9,144,7021.52
145,2023,3,9,145,7464.03
146,2023,3,10,146,173013.72
147,2023,3,10,147,7428.69
148,2023,3,10,148,8124.03
149,2023,3,10,149,6823.21
150,2023,3,10,150,8919.46
151,2023,4,1,101,8109.42
152,2023,4,1,102,8198.02
153,2023,4,1,103,7105.87
154,2023,4,1,104,8957.56
155,2023,4,1,105,8865.69
156,2023,4,2,106,13695.34
157,2023,4,2,107,13212.57
158,2023,4,2,108,16728.61
159,2023,4,2,109,15542.98
160,2023,4,2,110,16934.46
161,2023,4,3,111,9142.89
162,2023,4,3,112,8915.4
163,2023,4,3,113,8567.75
164,2023,4,3,114,9033.96
165,2023,4,3,115,8873.75
166,2023,4,4,116,7440.33
167,2023,4,4,117,7059.43
168,2023,4,4,118,8860.62
169,2023,4,4,119,8759.81
170,2023,4,4,120,7532.46
172,2023,4,5,122,45396.95
173,2023,4,5,123,55465.29
174,2023,4,5,124,46686.87
175,2023,4,5,125,48495.18
176,2023,4,6,126,8086.92
177,2023,4,6,127,7076.82
178,2023,4,6,128,7228.56
179,2023,4,6,129,7437.12
180,2023,4,6,130,7842.95
181,2023,4,7,131,7552.83
182,2023,4,7,132,8027.42
183,2023,4,7,133,8183.81
184,2023,4,7,134,8501.08
185,2023,4,7,135,180427.61
186,2023,4,8,136,8526.63
187,2023,4,8,137,8409.51
188,2023,4,8,138,6967.94
189,2023,4,8,139,7592.48
190,2023,4,8,140,8835.24
191,2023,4,9,141,7520.77
192,2023,4,9,142,7780.14
193,2023,4,9,143,7509.57
194,2023,4,9,144,7809.07
195,2023,4,9,145,8425.56
196,2023,4,10,146,8277.24
197,2023,4,10,147,8115.05
198,2023,4,10,148,149771.86
199,2023,4,10,149,8191.96
200,2023,4,10,150,7915.97
201,2023,5,1,101,7312.88
202,2023,5,1,102,8962.83
203,2023,5,1,103,7207.26
204,2023,5,1,104,8037.08
205,2023,5,1,105,7604.45
206,2023,5,2,106,16130.12
207,2023,5,2,107,13760.88
208,2023,5,2,108,12859.91
209,2023,5,2,109,14888.11
210,2023,5,2,110,13077.73
211,2023,5,3,111,8311.44
212,2023,5,3,112,8471.25
213,2023,5,3,113,7385.56
214,2023,5,3,114,6813.31
215,2023,5,3,115,8648.11
216,2023,5,4,116,7820.35
217,2023,5,4,117,9099.12
218,2023,5,4,118,6920.52
219,2023,5,4,119,8836.01
220,2023,5,4,120,8723.4
221,2023,5,5,121,57318.39
222,2023,5,5,122,56750.59
223,2023,5,5,123,51689.78
224,2023,5,5,124,50071.67
225,2023,5,5,125,50718.08
226,2023,5,6,126,8584.77
227,2023,5,6,127,7422.06
228,2023,5,6,128,8330.39
229,2023,5,6,129,8051.12
230,2023,5,6,130,7459.03
231,2023,5,7,131,7485.75
232,2023,5,7,132,7567.3
233,2023,5,7,133,7132.1
234,2023,5,7,134,8465.48
235,2023,5,7,135,6954.15
236,2023,5,8,136,8102.27
237,2023,5,8,137,7296.4
238,2023,5,8,138,8971.61
239,2023,5,8,139,8469.26
240,2023,5,8,140,8637.43
242,2023,5,9,142,8608.34
243,2023,5,9,143,9088.23
244,2023,5,9,144,8594.04
245,2023,5,9,145,8247.81
246,2023,5,10,146,7326.61
247,2023,5,10,147,6869.66
248,2023,5,10,148,8429.94
249,2023,5,10,149,7196.11
250,2023,5,10,150,7106.31
251,2023,6,1,101,6864.72
252,2023,6,1,102,8154.54
253,2023,6,1,103,8342.6
254,2023,6,1,104,7908.08
255,2023,6,1,105,7709.85
256,2023,6,2,106,14220.81
257,2023,6,2,107,14456.07
258,2023,6,2,108,16493.66
259,2023,6,2,109,13118.58
260,2023,6,2,110,15177.39
261,2023,6,3,111,7639.9
262,2023,6,3,112,8674.96
263,2023,6,3,113,8610.16
264,2023,6,3,114,7278.47
265,2023,6,3,115,7165.72
266,2023,6,4,116,8406.7
267,2023,6,4,117,7323.11
268,2023,6,4,118,8640.56
269,2023,6,4,119,8257.39
270,2023,6,4,120,7074.88
271,2023,6,5,121,56970.81
272,2023,6,5,122,42885.18
273,2023,6,5,123,52660.21
274,2023,6,5,124,48449.82
275,2023,6,5,125,43639.95
276,2023,6,6,126,8305.38
277,2023,6,6,127,8653.95
278,2023,6,6,128,8240.99
279,2023,6,6,129,9161.23
280,2023,6,6,130,7633.29
281,2023,6,7,131,7689.37
282,2023,6,7,132,7618.95
283,2023,6,7,133,8773.59
284,2023,6,7,134,9105.89
285,2023,6,7,135,8788.9
286,2023,6,8,136,7845.17
287,2023,6,8,137,9117.14
288,2023,6,8,138,8739.68
289,2023,6,8,139,7960.39
290,2023,6,8,140,8554.46
291,2023,6,9,141,8844.11
292,2023,6,9,142,7007.99
293,2023,6,9,143,7385.27
294,2023,6,9,144,8264.8
295,2023,6,9,145,6868.88
296,2023,6,10,146,7236.42
297,2023,6,10,147,8714.8
298,2023,6,10,148,8912.77
299,2023,6,10,149,7463.04
300,2023,6,10,150,9075.35
301,2023,7,1,101,8528.18
302,2023,7,1,102,8619.6
303,2023,7,1,103,8350.17
304,2023,7,1,104,8703.04
305,2023,7,1,105,7331.83
306,2023,7,2,106,14127.93
307,2023,7,2,107,14879.67
308,2023,7,2,108,14664.77
309,2023,7,2,109,14238.56
310,2023,7,2,110,13969.12
311,2023,7,3,111,7089.57
312,2023,7,3,112,7086.93
313,2023,7,3,113,8629.26
314,2023,7,3,114,7319.32
315,2023,7,3,115,8539.0
316,2023,7,4,116,8059.13
317,2023,7,4,117,7041.26
318,2023,7,4,118,7345.96
319,2023,7,4,119,6833.96
320,2023,7,4,120,7458.35
321,2023,7,5,121,50800.38
322,2023,7,5,122,44394.19
323,2023,7,5,123,49863.18
325,2023,7,5,125,49107.03
326,2023,7,6,126,6923.3
327,2023,7,6,127,7946.55
328,2023,7,6,128,7761.7
329,2023,7,6,129,8310.67
330,2023,7,6,130,7158.07
331,2023,7,7,131,7529.21
332,2023,7,7,132,7084.28
333,2023,7,7,133,8255.16
334,2023,7,7,134,7341.65
335,2023,7,7,135,7881.23
336,2023,7,8,136,8864.4
337,2023,7,8,137,7532.91
338,2023,7,8,138,8263.11
339,2023,7,8,139,9074.22
340,2023,7,8,140,7306.46
341,2023,7,9,141,7176.94
342,2023,7,9,142,6980.16
343,2023,7,9,143,157624.18
344,2023,7,9,144,7499.02
346,2023,7,10,146,7889.68
347,2023,7,10,147,9017.39
348,2023,7,10,148,8300.14
349,2023,7,10,149,9040.8
350,2023,7,10,150,8106.95
351,2023,8,1,101,8980.19
352,2023,8,1,102,6971.38
353,2023,8,1,103,7538.27
354,2023,8,1,104,8166.1
355,2023,8,1,105,7098.45
356,2023,8,2,106,15898.8
357,2023,8,2,107,15002.12
358,2023,8,2,108,13111.99
359,2023,8,2,109,14694.13
360,2023,8,2,110,13876.66
361,2023,8,3,111,9108.59
362,2023,8,3,112,8180.48
363,2023,8,3,113,9198.97
364,2023,8,3,114,7446.83
365,2023,8,3,115,8615.05
366,2023,8,4,116,8363.62
367,2023,8,4,117,7235.57
368,2023,8,4,118,8323.48
369,2023,8,4,119,7018.98
370,2023,8,4,120,7599.94
371,2023,8,5,121,55366.0
372,2023,8,5,122,52905.11
373,2023,8,5,123,56677.9
374,2023,8,5,124,50751.45
375,2023,8,5,125,47217.76
376,2023,8,6,126,9128.44
377,2023,8,6,127,8035.03
378,2023,8,6,128,8378.38
379,2023,8,6,129,7791.79
380,2023,8,6,130,7668.27
382,2023,8,7,132,7288.54
383,2023,8,7,133,9026.41
384,2023,8,7,134,8475.8
385,2023,8,7,135,9135.55
386,2023,8,8,136,7374.31
387,2023,8,8,137,8122.01
388,2023,8,8,138,7023.7
389,2023,8,8,139,8991.03
390,2023,8,8,140,7081.92
391,2023,8,9,141,7996.1
392,2023,8,9,142,8021.29
393,2023,8,9,143,8803.34
394,2023,8,9,144,7384.95
395,2023,8,9,145,7720.61
396,2023,8,10,146,8019.78
397,2023,8,10,147,8873.66
398,2023,8,10,148,8696.01
399,2023,8,10,149,9042.2
400,2023,8,10,150,8769.32
401,2023,9,1,101,7516.53
402,2023,9,1,102,9197.37
403,2023,9,1,103,7156.63
404,2023,9,1,104,7628.3
405,2023,9,1,105,8104.23
406,2023,9,2,106,14198.0
407,2023,9,2,107,15888.74
408,2023,9,2,108,13801.03
409,2023,9,2,109,12946.41
410,2023,9,2,110,15923.53
411,2023,9,3,111,7726.59
413,2023,9,3,113,7988.79
414,2023,9,3,114,8005.5
415,2023,9,3,115,8887.28
416,2023,9,4,116,7856.73
417,2023,9,4,117,7896.63
418,2023,9,4,118,7783.95
419,2023,9,4,119,7170.47
420,2023,9,4,120,9126.09
421,2023,9,5,121,52890.57
422,2023,9,5,122,55276.48
423,2023,9,5,123,55390.13
425,2023,9,5,125,53891.03
426,2023,9,6,126,6886.16
427,2023,9,6,127,8314.79
428,2023,9,6,128,9193.82
429,2023,9,6,129,7841.53
430,2023,9,6,130,8320.99
431,2023,9,7,131,7864.83
432,2023,9,7,132,8968.22
433,2023,9,7,133,8710.74
434,2023,9,7,134,7699.62
435,2023,9,7,135,8074.8
436,2023,9,8,136,8702.05
437,2023,9,8,137,6989.52
438,2023,9,8,138,8287.3
439,2023,9,8,139,8990.79
441,2023,9,9,141,7412.78
442,2023,9,9,142,8731.12
443,2023,9,9,143,8426.27
444,2023,9,9,144,7860.15
445,2023,9,9,145,8210.17
446,2023,9,10,146,7818.34
447,2023,9,10,147,8828.73
448,2023,9,10,148,7723.26
449,2023,9,10,149,7369.29
450,2023,9,10,150,8179.55
451,2023,10,1,101,7508.55
452,2023,10,1,102,8379.75
453,2023,10,1,103,8158.23
454,2023,10,1,104,8587.21
455,2023,10,1,105,8255.38
456,2023,10,2,106,16818.7
457,2023,10,2,107,16344.87
458,2023,10,2,108,14335.44
459,2023,10,2,109,15544.01
460,2023,10,2,110,15994.18
461,2023,10,3,111,8812.01
462,2023,10,3,112,8968.17
463,2023,10,3,113,7541.44
464,2023,10,3,114,8190.98
465,2023,10,3,115,7016.32
466,2023,10,4,116,8593.95
467,2023,10,4,117,7117.18
468,2023,10,4,118,9131.57
469,2023,10,4,119,8992.37
470,2023,10,4,120,7416.73
471,2023,10,5,121,49727.72
472,2023,10,5,122,53698.39
473,2023,10,5,123,44227.55
474,2023,10,5,124,44611.36
475,2023,10,5,125,55402.11
476,2023,10,6,126,9151.86
477,2023,10,6,127,8731.01
478,2023,10,6,128,8697.64
479,2023,10,6,129,8087.77
480,2023,10,6,130,8414.79
481,2023,10,7,131,8202.94
482,2023,10,7,132,9056.7
483,2023,10,7,133,7361.17
484,2023,10,7,134,8922.16
485,2023,10,7,135,8996.61
486,2023,10,8,136,6951.72
487,2023,10,8,137,8982.53
488,2023,10,8,138,7779.91
489,2023,10,8,139,9071.03
490,2023,10,8,140,7982.3
491,2023,10,9,141,8929.42
492,2023,10,9,142,7888.75
493,2023,10,9,143,8583.54
494,2023,10,9,144,7805.9
495,2023,10,9,145,7170.85
496,2023,10,10,146,7037.65
497,2023,10,10,147,7779.48
498,2023,10,10,148,6878.52
499,2023,10,10,149,7864.12
500,2023,10,10,150,8853.08
501,2023,11,1,101,8445.63
502,2023,11,1,102,9146.82
503,2023,11,1,103,7755.54
504,2023,11,1,104,7093.18
505,2023,11,1,105,7891.32
506,2023,11,2,106,15637.67
507,2023,11,2,107,12846.11
508,2023,11,2,108,13846.06
509,2023,11,2,109,15290.6
510,2023,11,2,110,16193.21
511,2023,11,3,111,7318.28
512,2023,11,3,112,7588.54
513,2023,11,3,113,8961.27
514,2023,11,3,114,177203.49
515,2023,11,3,115,7111.98
516,2023,11,4,116,7218.79
517,2023,11,4,117,6861.87
518,2023,11,4,118,8695.96
519,2023,11,4,119,7577.05
520,2023,11,4,120,6925.76
521,2023,11,5,121,50391.28
522,2023,11,5,122,49643.69
523,2023,11,5,123,50198.57
525,2023,11,5,125,43150.48
526,2023,11,6,126,8880.75
527,2023,11,6,127,7899.3
528,2023,11,6,128,6945.98
529,2023,11,6,129,7763.88
530,2023,11,6,130,7976.65
531,2023,11,7,131,6976.38
532,2023,11,7,132,8259.91
533,2023,11,7,133,7460.04
534,2023,11,7,134,8116.06
535,2023,11,7,135,9187.11
536,2023,11,8,136,7888.92
537,2023,11,8,137,7038.03
538,2023,11,8,138,8846.7
539,2023,11,8,139,8645.51
540,2023,11,8,140,7316.06
541,2023,11,9,141,7348.38
542,2023,11,9,142,7888.4
543,2023,11,9,143,7028.21
544,2023,11,9,144,8396.26
545,2023,11,9,145,7166.33
546,2023,11,10,146,6961.12
547,2023,11,10,147,7023.75
548,2023,11,10,148,8573.11
549,2023,11,10,149,8135.29
550,2023,11,10,150,8147.81
551,2023,12,1,101,7093.36
552,2023,12,1,102,8396.82
553,2023,12,1,103,8883.42
554,2023,12,1,104,9124.16
555,2023,12,1,105,7643.95
556,2023,12,2,106,13707.32
557,2023,12,2,107,13759.1
558,2023,12,2,108,16554.18
559,2023,12,2,109,16181.73
560,2023,12,2,110,16382.5
561,2023,12,3,111,9138.91
562,2023,12,3,112,8272.58
563,2023,12,3,113,6863.01
564,2023,12,3,114,8790.71
565,2023,12,3,115,7233.0
566,2023,12,4,116,7541.56
567,2023,12,4,117,6814.65
568,2023,12,4,118,8159.17
569,2023,12,4,119,7140.5
570,2023,12,4,120,6873.58
571,2023,12,5,121,45726.99
572,2023,12,5,122,47613.44
573,2023,12,5,123,53323.94
574,2023,12,5,124,51013.9
575,2023,12,5,125,43289.13
576,2023,12,6,126,8282.81
577,2023,12,6,127,7453.05
578,2023,12,6,128,7965.59
579,2023,12,6,129,7455.6
580,2023,12,6,130,7073.16
581,2023,12,7,131,7479.79
582,2023,12,7,132,7967.92
583,2023,12,7,133,6909.0
584,2023,12,7,134,8238.38
585,2023,12,7,135,7523.41
586,2023,12,8,136,7129.36
587,2023,12,8,137,7587.49
588,2023,12,8,138,8592.83
589,2023,12,8,139,7712.5
590,2023,12,8,140,8000.63
591,2023,12,9,141,8734.88
592,2023,12,9,142,8868.23
593,2023,12,9,143,6844.98
594,2023,12,9,144,8869.06
595,2023,12,9,145,8176.16
596,2023,12,10,146,7802.47
597,2023,12,10,147,6850.06
598,2023,12,10,148,8723.17
599,2023,12,10,149,8796.86
600,2023,12,10,150,7011.51
601,2024,1,1,101,7383.96
602,2024,1,1,102,8057.51
603,2024,1,1,103,7544.66
604,2024,1,1,104,7599.36
605,2024,1,1,105,8025.16
606,2024,1,2,106,15044.78
607,2024,1,2,107,14322.19
608,2024,1,2,108,16435.27
609,2024,1,2,109,13813.21
611,2024,1,3,111,8624.52
612,2024,1,3,112,7225.15
613,2024,1,3,113,7985.88
614,2024,1,3,114,8623.71
615,2024,1,3,115,9017.97
616,2024,1,4,116,8324.72
617,2024,1,4,117,8874.19
618,2024,1,4,118,7162.3
619,2024,1,4,119,7861.3
620,2024,1,4,120,7459.22
621,2024,1,5,121,50110.05
622,2024,1,5,122,49278.71
623,2024,1,5,123,54975.45
624,2024,1,5,124,55463.75
625,2024,1,5,125,51725.13
626,2024,1,6,126,7910.51
627,2024,1,6,127,8700.36
628,2024,1,6,128,7879.36
629,2024,1,6,129,8364.41
630,2024,1,6,130,7941.51
631,2024,1,7,131,6948.5
632,2024,1,7,132,8957.9
633,2024,1,7,133,8514.36
634,2024,1,7,134,7214.14
635,2024,1,7,135,7850.62
636,2024,1,8,136,8054.6
637,2024,1,8,137,7694.84
638,2024,1,8,138,7781.05
639,2024,1,8,139,8234.93
640,2024,1,8,140,8353.53
641,2024,1,9,141,7026.81
642,2024,1,9,142,7481.95
643,2024,1,9,143,8375.75
644,2024,1,9,144,8895.87
645,2024,1,9,145,8198.57
646,2024,1,10,146,7639.57
647,2024,1,10,147,8476.35
648,2024,1,10,148,8228.1
649,2024,1,10,149,7543.0
650,2024,1,10,150,8699.99
651,2024,2,1,101,8408.28
652,2024,2,1,102,8573.06
653,2024,2,1,103,8063.34
654,2024,2,1,104,7816.18
655,2024,2,1,105,7670.23
656,2024,2,2,106,13713.87
657,2024,2,2,107,14938.22
658,2024,2,2,108,13369.04
659,2024,2,2,109,16549.93
660,2024,2,2,110,16218.94
661,2024,2,3,111,8920.84
662,2024,2,3,112,7608.23
663,2024,2,3,113,7114.52
664,2024,2,3,114,7189.39
665,2024,2,3,115,8650.63
666,2024,2,4,116,7197.29
667,2024,2,4,117,7786.06
668,2024,2,4,118,7370.07
669,2024,2,4,119,7483.83
670,2024,2,4,120,7877.43
671,2024,2,5,121,47142.02
672,2024,2,5,122,49535.23
673,2024,2,5,123,48017.61
674,2024,2,5,124,57266.6
675,2024,2,5,125,46726.58
676,2024,2,6,126,8065.9
678,2024,2,6,128,7132.16
679,2024,2,6,129,8338.83
680,2024,2,6,130,8130.9
681,2024,2,7,131,8830.14
682,2024,2,7,132,7484.15
683,2024,2,7,133,7454.7
684,2024,2,7,134,7153.64
685,2024,2,7,135,9071.39
686,2024,2,8,136,7882.71
687,2024,2,8,137,6864.01
688,2024,2,8,138,8004.82
689,2024,2,8,139,9186.86
690,2024,2,8,140,6867.65
691,2024,2,9,141,8814.02
692,2024,2,9,142,8699.31
693,2024,2,9,143,7488.51
694,2024,2,9,144,8470.57
695,2024,2,9,145,8493.29
696,2024,2,10,146,6812.6
697,2024,2,10,147,7414.22
698,2024,2,10,148,8117.13
699,2024,2,10,149,8066.65
700,2024,2,10,150,7491.44
701,2024,3,1,101,6914.6
702,2024,3,1,102,8705.36
703,2024,3,1,103,7066.06
704,2024,3,1,104,8232.17
705,2024,3,1,105,8036.9
706,2024,3,2,106,13396.1
707,2024,3,2,107,15516.64
708,2024,3,2,108,14624.55
709,2024,3,2,109,13135.26
710,2024,3,2,110,13054.56
711,2024,3,3,111,8017.59
712,2024,3,3,112,8129.96
713,2024,3,3,113,7928.32
714,2024,3,3,114,9154.49
715,2024,3,3,115,6838.98
716,2024,3,4,116,7627.53
717,2024,3,4,117,8307.82
718,2024,3,4,118,8564.45
719,2024,3,4,119,6906.41
720,2024,3,4,120,8752.42
721,2024,3,5,121,54187.14
722,2024,3,5,122,52930.84
723,2024,3,5,123,54672.47
724,2024,3,5,124,54142.86
725,2024,3,5,125,46901.64
726,2024,3,6,126,7278.73
727,2024,3,6,127,9040.09
728,2024,3,6,128,9173.89
729,2024,3,6,129,7407.95
730,2024,3,6,130,7258.65
731,2024,3,7,131,8674.02
732,2024,3,7,132,7596.62
733,2024,3,7,133,7683.25
734,2024,3,7,134,8583.94
735,2024,3,7,135,7727.95
736,2024,3,8,136,7990.89
737,2024,3,8,137,9018.35
738,2024,3,8,138,8722.76
739,2024,3,8,139,6989.42
740,2024,3,8,140,8773.62
741,2024,3,9,141,7570.91
742,2024,3,9,142,8386.21
743,2024,3,9,143,8246.29
744,2024,3,9,144,8455.44
745,2024,3,9,145,6901.65
746,2024,3,10,146,7646.14
747,2024,3,10,147,7458.93
748,2024,3,10,148,9074.97
749,2024,3,10,149,8330.03
750,2024,3,10,150,8722.63
751,2024,4,1,101,9086.69
752,2024,4,1,102,8258.17
753,2024,4,1,103,6883.52
754,2024,4,1,104,8668.44
755,2024,4,1,105,7718.85
756,2024,4,2,106,15472.93
757,2024,4,2,107,17019.71
758,2024,4,2,108,16183.88
759,2024,4,2,109,15132.57
760,2024,4,2,110,15673.02
761,2024,4,3,111,7072.28
762,2024,4,3,112,7997.71
763,2024,4,3,113,8148.01
764,2024,4,3,114,7424.7
765,2024,4,3,115,9191.28
767,2024,4,4,117,7094.33
768,2024,4,4,118,7884.9
769,2024,4,4,119,7868.27
770,2024,4,4,120,8436.63
771,2024,4,5,121,47293.82
772,2024,4,5,122,43474.09
773,2024,4,5,123,55869.98
774,2024,4,5,124,53177.14
775,2024,4,5,125,52065.5
776,2024,4,6,126,8021.01
777,2024,4,6,127,7282.35
778,2024,4,6,128,8696.9
779,2024,4,6,129,8129.65
780,2024,4,6,130,8728.79
781,2024,4,7,131,8268.68
782,2024,4,7,132,7542.3
783,2024,4,7,133,8525.29
784,2024,4,7,134,8645.99
785,2024,4,7,135,6977.0
786,2024,4,8,136,8341.61
787,2024,4,8,137,8432.26
788,2024,4,8,138,8907.1
789,2024,4,8,139,8335.51
790,2024,4,8,140,9119.04
791,2024,4,9,141,8985.71
792,2024,4,9,142,7097.99
793,2024,4,9,143,7195.18
794,2024,4,9,144,8502.4
795,2024,4,9,145,9058.17
796,2024,4,10,146,8830.24
797,2024,4,10,147,8324.14
798,2024,4,10,148,7100.41
799,2024,4,10,149,8080.35
800,2024,4,10,150,7204.73
801,2024,5,1,101,7170.07
802,2024,5,1,102,8529.52
803,2024,5,1,103,8822.07
804,2024,5,1,104,8780.57
805,2024,5,1,105,6909.11
806,2024,5,2,106,15345.47
807,2024,5,2,107,16201.32
808,2024,5,2,108,15625.46
809,2024,5,2,109,15572.24
810,2024,5,2,110,17054.93
811,2024,5,3,111,8731.25
812,2024,5,3,112,7513.84
813,2024,5,3,113,6943.79
814,2024,5,3,114,7962.2
815,2024,5,3,115,8255.98
816,2024,5,4,116,8524.07
817,2024,5,4,117,8865.87
818,2024,5,4,118,7113.84
819,2024,5,4,119,8147.96
820,2024,5,4,120,7919.53
822,2024,5,5,122,46853.18
823,2024,5,5,123,51730.66
824,2024,5,5,124,55479.61
825,2024,5,5,125,47411.54
826,2024,5,6,126,7550.52
827,2024,5,6,127,7995.84
828,2024,5,6,128,7997.02
829,2024,5,6,129,6855.62
830,2024,5,6,130,8013.07
831,2024,5,7,131,7316.35
832,2024,5,7,132,6921.3
833,2024,5,7,133,8917.61
834,2024,5,7,134,7929.41
835,2024,5,7,135,8833.21
836,2024,5,8,136,8917.89
837,2024,5,8,137,8633.26
838,2024,5,8,138,7761.4
840,2024,5,8,140,6976.48
841,2024,5,9,141,8634.57
842,2024,5,9,142,9173.82
843,2024,5,9,143,7085.15
844,2024,5,9,144,7745.37
845,2024,5,9,145,7613.8
846,2024,5,10,146,8611.92
847,2024,5,10,147,8021.89
848,2024,5,10,148,6908.73
849,2024,5,10,149,7599.3
851,2024,6,1,101,8037.21
852,2024,6,1,102,8271.36
853,2024,6,1,103,9177.48
854,2024,6,1,104,7518.16
855,2024,6,1,105,8787.89
857,2024,6,2,107,16420.87
858,2024,6,2,108,15782.13
859,2024,6,2,109,15376.66
860,2024,6,2,110,16013.96
861,2024,6,3,111,6863.95
862,2024,6,3,112,9120.97
863,2024,6,3,113,8662.79
864,2024,6,3,114,8531.36
865,2024,6,3,115,7209.23
867,2024,6,4,117,7154.66
868,2024,6,4,118,6875.77
869,2024,6,4,119,7063.75
870,2024,6,4,120,7552.86
871,2024,6,5,121,52857.5
872,2024,6,5,122,54124.58
873,2024,6,5,123,55592.27
874,2024,6,5,124,43434.22
875,2024,6,5,125,45610.13
876,2024,6,6,126,8389.34
877,2024,6,6,127,7553.01
878,2024,6,6,128,8989.1
879,2024,6,6,129,7650.29
880,2024,6,6,130,8530.22
881,2024,6,7,131,8463.95
882,2024,6,7,132,7261.43
883,2024,6,7,133,8139.41
884,2024,6,7,134,9134.99
885,2024,6,7,135,7493.61
886,2024,6,8,136,8491.97
887,2024,6,8,137,7637.13
888,2024,6,8,138,8708.97
889,2024,6,8,139,7092.5
890,2024,6,8,140,7711.27
891,2024,6,9,141,8764.11
892,2024,6,9,142,8731.08
893,2024,6,9,143,7490.31
894,2024,6,9,144,7631.27
895,2024,6,9,145,7415.47
896,2024,6,10,146,7284.96
897,2024,6,10,147,9039.26
898,2024,6,10,148,7129.46
899,2024,6,10,149,8208.39
900,2024,6,10,150,8407.6
901,2024,7,1,101,8331.07
902,2024,7,1,102,7791.92
903,2024,7,1,103,7041.31
904,2024,7,1,104,6812.44
905,2024,7,1,105,9029.84
906,2024,7,2,106,16957.64
907,2024,7,2,107,14898.52
908,2024,7,2,108,17087.61
909,2024,7,2,109,15656.54
910,2024,7,2,110,13152.57
911,2024,7,3,111,8084.37
912,2024,7,3,112,9048.01
913,2024,7,3,113,7220.16
914,2024,7,3,114,7221.89
915,2024,7,3,115,9193.21
916,2024,7,4,116,7988.92
917,2024,7,4,117,9109.12
918,2024,7,4,118,8904.18
919,2024,7,4,119,8163.11
920,2024,7,4,120,9159.19
921,2024,7,5,121,57336.49
922,2024,7,5,122,49908.69
923,2024,7,5,123,55265.9
924,2024,7,5,124,45392.17
925,2024,7,5,125,44937.41
926,2024,7,6,126,7417.44
927,2024,7,6,127,8567.88
928,2024,7,6,128,8162.67
929,2024,7,6,129,7221.19
930,2024,7,6,130,8952.9
931,2024,7,7,131,8036.67
932,2024,7,7,132,8406.21
933,2024,7,7,133,7137.47
934,2024,7,7,134,7395.31
935,2024,7,7,135,7365.25
936,2024,7,8,136,9089.68
937,2024,7,8,137,8534.92
938,2024,7,8,138,8368.84
939,2024,7,8,139,6949.1
940,2024,7,8,140,7536.34
941,2024,7,9,141,8006.05
942,2024,7,9,142,8488.54
943,2024,7,9,143,7081.8
944,2024,7,9,144,7508.09
945,2024,7,9,145,7325.91
946,2024,7,10,146,7167.65
947,2024,7,10,147,8253.77
948,2024,7,10,148,8118.16
949,2024,7,10,149,8090.04
950,2024,7,10,150,7324.19
951,2024,8,1,101,8611.37
952,2024,8,1,102,6996.49
953,2024,8,1,103,8489.04
954,2024,8,1,104,8154.0
955,2024,8,1,105,8114.36
956,2024,8,2,106,15327.16
957,2024,8,2,107,14226.53
958,2024,8,2,108,13273.08
959,2024,8,2,109,15374.16
960,2024,8,2,110,15046.69
961,2024,8,3,111,7888.24
962,2024,8,3,112,7896.32
963,2024,8,3,113,7909.71
964,2024,8,3,114,8535.87
965,2024,8,3,115,8759.49
966,2024,8,4,116,8187.95
967,2024,8,4,117,7626.87
968,2024,8,4,118,9185.9
969,2024,8,4,119,6965.65
970,2024,8,4,120,6876.16
971,2024,8,5,121,54034.58
972,2024,8,5,122,57175.0
973,2024,8,5,123,48805.43
974,2024,8,5,124,48237.19
976,2024,8,6,126,8438.55
977,2024,8,6,127,8094.32
978,2024,8,6,128,7634.65
979,2024,8,6,129,8089.42
980,2024,8,6,130,8546.86
981,2024,8,7,131,6808.34
982,2024,8,7,132,7516.07
983,2024,8,7,133,8106.67
984,2024,8,7,134,8776.07
985,2024,8,7,135,7630.78
986,2024,8,8,136,9049.78
987,2024,8,8,137,7070.83
988,2024,8,8,138,7806.18
989,2024,8,8,139,8921.02
990,2024,8,8,140,7294.6
991,2024,8,9,141,6880.58
992,2024,8,9,142,8487.89
993,2024,8,9,143,8577.3
994,2024,8,9,144,7362.41
995,2024,8,9,145,8872.95
996,2024,8,10,146,8009.35
997,2024,8,10,147,8757.89
998,2024,8,10,148,7565.37
999,2024,8,10,149,8414.08
1000,2024,8,10,150,7524.23
1001,2024,9,1,101,8384.51
1002,2024,9,1,102,7521.2
1003,2024,9,1,103,9076.45
1004,2024,9,1,104,8987.79
1005,2024,9,1,105,7825.28
1006,2024,9,2,106,17125.31
1007,2024,9,2,107,15771.04
1008,2024,9,2,108,14184.31
1009,2024,9,2,109,13421.48
1010,2024,9,2,110,16144.87
1011,2024,9,3,111,8838.42
1012,2024,9,3,112,8498.18
1013,2024,9,3,113,8995.38
1014,2024,9,3,114,9122.69
1015,2024,9,3,115,7121.82
1016,2024,9,4,116,7288.01
1017,2024,9,4,117,9013.34
1018,2024,9,4,118,7021.91
1019,2024,9,4,119,7257.16
1020,2024,9,4,120,8416.81
1021,2024,9,5,121,55604.31
1022,2024,9,5,122,53925.45
1023,2024,9,5,123,50882.76
1024,2024,9,5,124,55542.11
1025,2024,9,5,125,56855.3
1026,2024,9,6,126,9049.18
1027,2024,9,6,127,7081.56
1028,2024,9,6,128,7949.41
1029,2024,9,6,129,8250.56
1030,2024,9,6,130,8996.3
1031,2024,9,7,131,8661.23
1032,2024,9,7,132,8080.76
1033,2024,9,7,133,7427.75
1034,2024,9,7,134,7993.47
1035,2024,9,7,135,9155.16
1036,2024,9,8,136,8815.35
1037,2024,9,8,137,7689.69
1038,2024,9,8,138,8150.06
1039,2024,9,8,139,7150.21
1040,2024,9,8,140,9043.42
1041,2024,9,9,141,7802.19
1042,2024,9,9,142,7591.68
1043,2024,9,9,143,8800.07
1044,2024,9,9,144,8371.06
1045,2024,9,9,145,7417.58
1046,2024,9,10,146,9119.62
1047,2024,9,10,147,7977.43
1048,2024,9,10,148,8707.94
1049,2024,9,10,149,8528.75
1050,2024,9,10,150,9000.56
1051,2024,10,1,101,8340.34
1052,2024,10,1,102,6881.18
1053,2024,10,1,103,9068.45
1054,2024,10,1,104,8634.41
1055,2024,10,1,105,8822.11
1056,2024,10,2,106,15932.26
1057,2024,10,2,107,15025.8
1058,2024,10,2,108,15530.26
1059,2024,10,2,109,15524.34
1060,2024,10,2,110,14945.34
1061,2024,10,3,111,8123.94
1062,2024,10,3,112,8070.6
1063,2024,10,3,113,9145.95
1064,2024,10,3,114,8751.58
1065,2024,10,3,115,8734.8
1066,2024,10,4,116,7056.84
1067,2024,10,4,117,7157.35
1068,2024,10,4,118,8063.49
1069,2024,10,4,119,7441.58
1070,2024,10,4,120,7695.32
1071,2024,10,5,121,50975.03
1072,2024,10,5,122,45887.86
1073,2024,10,5,123,55218.01
1074,2024,10,5,124,55373.29
1075,2024,10,5,125,43902.51
1076,2024,10,6,126,8126.48
1077,2024,10,6,127,6822.68
1078,2024,10,6,128,7999.66
1079,2024,10,6,129,8682.5
1080,2024,10,6,130,8859.1
1081,2024,10,7,131,8067.58
1082,2024,10,7,132,7307.4
1083,2024,10,7,133,8930.13
1084,2024,10,7,134,6911.75
1085,2024,10,7,135,9021.4
1086,2024,10,8,136,8152.42
1087,2024,10,8,137,9029.04
1088,2024,10,8,138,9107.53
1089,2024,10,8,139,8605.41
1090,2024,10,8,140,7755.91
1091,2024,10,9,141,7189.88
1092,2024,10,9,142,8803.16
1093,2024,10,9,143,8951.66
1094,2024,10,9,144,8613.46
1095,2024,10,9,145,9172.35
1096,2024,10,10,146,8001.9
1097,2024,10,10,147,6928.87
1098,2024,10,10,148,8812.82
1099,2024,10,10,149,8645.61
1100,2024,10,10,150,7752.09
1101,2024,11,1,101,6871.1
1102,2024,11,1,102,9182.21
1103,2024,11,1,103,7653.95
1104,2024,11,1,104,7836.44
1105,2024,11,1,105,8385.61
1106,2024,11,2,106,15533.77
1107,2024,11,2,107,15958.99
1108,2024,11,2,108,13443.99
1109,2024,11,2,109,15602.55
1110,2024,11,2,110,14175.05
1111,2024,11,3,111,6812.47
1112,2024,11,3,112,7663.8
1113,2024,11,3,113,7118.02
1114,2024,11,3,114,7877.22
1115,2024,11,3,115,7779.31
1116,2024,11,4,116,7649.39
1117,2024,11,4,117,8235.31
1118,2024,11,4,118,7724.57
1119,2024,11,4,119,7730.72
1120,2024,11,4,120,8962.73
1122,2024,11,5,122,45043.74
1123,2024,11,5,123,44582.6
1124,2024,11,5,124,49896.86
1125,2024,11,5,125,49020.14
1126,2024,11,6,126,7962.16
1127,2024,11,6,127,7404.08
1128,2024,11,6,128,8300.08
1129,2024,11,6,129,7269.32
1130,2024,11,6,130,7531.18
1131,2024,11,7,131,7597.32
1132,2024,11,7,132,8729.78
1133,2024,11,7,133,7603.37
1134,2024,11,7,134,8862.82
1135,2024,11,7,135,7126.7
1136,2024,11,8,136,9073.47
1137,2024,11,8,137,7554.04
1138,2024,11,8,138,9124.94
1139,2024,11,8,139,8467.9
1140,2024,11,8,140,8182.11
1141,2024,11,9,141,7702.53
1142,2024,11,9,142,7743.04
1143,2024,11,9,143,8153.24
1144,2024,11,9,144,8109.51
1145,2024,11,9,145,8120.24
1146,2024,11,10,146,7907.89
1147,2024,11,10,147,7852.29
1148,2024,11,10,148,8462.8
1149,2024,11,10,149,8709.58
1150,2024,11,10,150,7998.33
1151,2024,12,1,101,7380.85
1152,2024,12,1,102,8516.57
1153,2024,12,1,103,6977.52
1154,2024,12,1,104,7950.16
1155,2024,12,1,105,8015.87
1156,2024,12,2,106,15862.69
1157,2024,12,2,107,16308.24
1158,2024,12,2,108,16779.76
1159,2024,12,2,109,15621.81
1160,2024,12,2,110,16210.29
1161,2024,12,3,111,7652.02
1162,2024,12,3,112,6906.31
1163,2024,12,3,113,8425.93
1164,2024,12,3,114,8606.44
1165,2024,12,3,115,7833.09
1166,2024,12,4,116,7420.97
1167,2024,12,4,117,8045.11
1168,2024,12,4,118,8180.56
1169,2024,12,4,119,7738.72
1170,2024,12,4,120,8212.62
1171,2024,12,5,121,47674.51
1172,2024,12,5,122,44068.24
1173,2024,12,5,123,56925.92
1174,2024,12,5,124,56610.14
1175,2024,12,5,125,47178.36
1176,2024,12,6,126,7296.48
1177,2024,12,6,127,7942.79
1178,2024,12,6,128,8472.23
1180,2024,12,6,130,7076.2
1181,2024,12,7,131,8355.13
1182,2024,12,7,132,7194.45
1183,2024,12,7,133,7385.39
1184,2024,12,7,134,7184.33
1185,2024,12,7,135,9100.31
1186,2024,12,8,136,7772.11
1187,2024,12,8,137,8337.15
1188,2024,12,8,138,6870.06
1189,2024,12,8,139,7273.58
1190,2024,12,8,140,7733.21
1191,2024,12,9,141,7293.88
1192,2024,12,9,142,8740.95
1193,2024,12,9,143,7044.2
1194,2024,12,9,144,7248.7
1195,2024,12,9,145,7898.12
1196,2024,12,10,146,8870.33
1197,2024,12,10,147,8333.86
1198,2024,12,10,148,8267.14
1199,2024,12,10,149,7635.02
1200,2024,12,10,150,8281.67
